rank,library_code,library_name,address,owned_books,coverage_pct,cluster_2_owned,cluster_2_total,cluster_4_owned,cluster_4_total,cluster_5_owned,cluster_5_total,collection_size,case_role,display_count,guide_count,missing_count
1,111501,강동구립둔촌도서관,서울특별시 강동구 동남로49길 21-8,35,100.0,14,14,11,11,10,10,40000,,0,0,0
2,111036,광진정보도서관,서울특별시 광진구 아차산로78길 90,35,100.0,14,14,11,11,10,10,407171,,0,0,0
3,111041,도봉문화정보도서관,서울특별시 도봉구 덕릉로 315,35,100.0,14,14,11,11,10,10,251199,,0,0,0
4,111015,서울특별시교육청양천도서관,서울특별시 양천구 목동서로 113,35,100.0,14,14,11,11,10,10,447125,,0,0,0
5,111008,서울특별시교육청고척도서관,서울특별시 구로구 고척로45길 31,35,100.0,14,14,11,11,10,10,366701,,0,0,0
6,111526,강남구립개포하늘꿈도서관,서울특별시 강남구 개포로110길 54,35,100.0,14,14,11,11,10,10,39903,본사례(소형 4만권),3,32,0
7,111070,강남구립논현도서관,서울특별시 강남구 학동로43길 17,35,100.0,14,14,11,11,10,10,44513,,0,0,0
8,111445,동대문구답십리도서관,서울특별시 동대문구 서울시립대로4길 75,35,100.0,14,14,11,11,10,10,144178,,0,0,0
9,111065,동대문구정보화도서관,서울특별시 동대문구 회기로10길 60 ,35,100.0,14,14,11,11,10,10,257733,,0,0,0
10,111119,성동구립 무지개도서관,서울특별시 성동구 고산자로 270,35,100.0,14,14,11,11,10,10,41667,,0,0,0
11,111035,성동구립도서관,서울특별시 성동구 고산자로10길 9,35,100.0,14,14,11,11,10,10,447109,대조군(대형 44.7만권),21,13,1
12,111499,성동구립 매봉산 숲속도서관,서울특별시 성동구 매봉길 49-29,35,100.0,14,14,11,11,10,10,88590,,0,0,0
13,711359,방아다리문학도서관,서울특별시 양천구 화곡로4길 10,35,100.0,14,14,11,11,10,10,58969,,0,0,0
14,111013,서울특별시교육청동작도서관,서울특별시 동작구 장승배기로 94,35,100.0,14,14,11,11,10,10,107002,,0,0,0
15,111485,불암도서관,서울특별시 노원구 중계로 106,35,100.0,14,14,11,11,10,10,76892,,0,0,0
16,111018,서울특별시교육청영등포평생학습관,서울특별시 영등포구 버드나루로15길 10,35,100.0,14,14,11,11,10,10,234140,,0,0,0
17,111040,금천구립독산도서관,서울특별시 금천구 독산로54길 114,35,100.0,14,14,11,11,10,10,194820,,0,0,0
18,111467,마포중앙도서관,서울특별시 마포구 성산로 128,35,100.0,14,14,11,11,10,10,271147,,0,0,0
19,111488,중랑구립상봉도서관,서울특별시 중랑구 동일로114길 10,35,100.0,14,14,11,11,10,10,78021,,0,0,0
20,111471,궁동어린이도서관,서울특별시 구로구 오리로 1352,35,100.0,14,14,11,11,10,10,34367,,0,0,0
21,111491,구립은뜨락도서관,서울특별시 은평구 통일로 972,35,100.0,14,14,11,11,10,10,52507,,0,0,0
22,111099,구로꿈나무어린이도서관,서울특별시 구로구 구로동로26길 54,35,100.0,14,14,11,11,10,10,123606,,0,0,0
23,111453,강서구립가양도서관,서울특별시 강서구 양천로61길 101,34,97.1,14,14,11,11,9,10,76528,,0,0,0
24,111014,서울특별시교육청마포평생학습관,서울특별시 마포구 홍익로2길 16,34,97.1,14,14,11,11,9,10,466606,,0,0,0
25,111016,서울특별시교육청서대문도서관,서울특별시 서대문구 모래내로 412,34,97.1,14,14,11,11,9,10,428712,,0,0,0
26,111314,서울도서관,서울특별시 중구 세종대로 110,34,97.1,14,14,11,11,9,10,619875,,0,0,0
27,111031,서울특별시교육청마포평생학습관아현분관,서울특별시 마포구 마포대로 224,34,97.1,14,14,11,11,9,10,276099,,0,0,0
28,111476,서초구립내곡도서관,서울특별시 서초구 청계산로7길 9-20,34,97.1,14,14,11,11,9,10,105080,,0,0,0
29,111377,서초구립반포도서관,서울특별시 서초구 고무래로 34,34,97.1,14,14,11,11,9,10,227740,,0,0,0
30,111121,선유도서관,서울특별시 영등포구 선유로 43가길 10-8,34,97.1,14,14,11,11,9,10,63941,,0,0,0
31,111005,서울특별시교육청강서도서관,서울특별시 강서구 등촌로51나길 29,34,97.1,14,14,11,11,9,10,423359,,0,0,0
32,111011,서울특별시교육청도봉도서관,서울특별시 도봉구 삼양로 556,34,97.1,14,14,11,11,9,10,447273,,0,0,0
33,111004,서울특별시교육청강동도서관,서울특별시 강동구 양재대로116길 57,34,97.1,14,14,11,11,9,10,390229,,0,0,0
34,111531,서초구립방배숲환경도서관,서울특별시 서초구 서초대로 160-7,34,97.1,14,14,11,11,9,10,48824,,0,0,0
35,111019,서울특별시교육청용산도서관,서울특별시 용산구 두텁바위로 160,34,97.1,14,14,11,11,9,10,508592,,0,0,0
36,111473,용산꿈나무도서관,"서울특별시 용산구 백범로 329, 3층",34,97.1,14,14,11,11,9,10,72745,,0,0,0
37,111452,구립은평뉴타운도서관,서울특별시 은평구 진관2로 111-51,34,97.1,14,14,11,11,9,10,86376,,0,0,0
38,111434,금천구립시흥도서관,서울특별시 금천구 금하로 764,34,97.1,14,14,11,11,9,10,127114,,0,0,0
39,111058,노원중앙도서관,서울특별시 노원구 노원로34길 43,34,97.1,14,14,11,11,9,10,186379,,0,0,0
40,111495,자양한강도서관,서울특별시 광진구 뚝섬로52길 66,34,97.1,14,14,11,11,9,10,74788,,0,0,0
41,111037,강북문화정보도서관,서울특별시 강북구 오현로 145,34,97.1,14,14,11,11,9,10,211869,,0,0,0
42,111239,화랑도서관,서울특별시 노원구 노원로1나길 10,34,97.1,14,14,11,11,9,10,75101,,0,0,0
43,111075,강남구립행복한도서관,"서울특별시 강남구 영동대로65길 24, 대치2문화센터 3층",34,97.1,14,14,11,11,9,10,42523,,0,0,0
44,111044,성북정보도서관,서울특별시 성북구 화랑로18자길 13 ,34,97.1,14,14,11,11,9,10,280070,,0,0,0
45,711268,세곡도서관,서울특별시 강남구 밤고개로 286,34,97.1,14,14,11,11,9,10,56463,,0,0,0
46,111493,서초구립양재도서관,서울특별시 서초구 양재천로 33,34,97.1,14,14,11,11,9,10,111918,,0,0,0
47,111124,구립응암도서관,서울특별시 은평구 가좌로7길 15,34,97.1,14,14,11,11,9,10,40225,,0,0,0
48,111083,대림도서관,서울특별시 영등포구 도신로 27,34,97.1,14,14,11,11,9,10,123809,,0,0,0
49,111111,문래도서관,서울특별시 영등포구 문래로20길 49,34,97.1,13,14,11,11,10,10,122590,,0,0,0
50,111129,도봉구립학마을도서관,서울특별시 도봉구 시루봉로 128,34,97.1,14,14,11,11,9,10,73240,,0,0,0
51,111549,강동중앙도서관,서울특별시 강동구 양재대로84길 63,33,94.3,14,14,9,11,10,10,124463,,0,0,0
52,111101,강동구립해공도서관,서울특별시 강동구 올림픽로 702,33,94.3,13,14,11,11,9,10,90000,,0,0,0
53,111546,강동숲속도서관,서울특별시 강동구 구천면로 587,33,94.3,14,14,9,11,10,10,70000,,0,0,0
54,111045,관악중앙도서관,서울특별시 관악구 신림로3길 35,33,94.3,14,14,11,11,8,10,330469,,0,0,0
55,111446,휘경어린이도서관,서울특별시 동대문구 망우로18가길 38,33,94.3,14,14,10,11,9,10,48275,,0,0,0
56,111533,강남구립논현문화마루도서관,"서울특별시 강남구 논현로131길 40, 4-5층",33,94.3,14,14,9,11,10,10,26524,,0,0,0
57,111347,강남구립도곡정보문화도서관,서울특별시 강남구 도곡로18길 57,33,94.3,14,14,11,11,8,10,127152,,0,0,0
58,111012,서울특별시교육청동대문도서관,서울특별시 동대문구 천호대로4길 22,33,94.3,14,14,11,11,8,10,458191,,0,0,0
59,111030,서울특별시교육청송파도서관,서울특별시 송파구 동남로 263,33,94.3,14,14,11,11,8,10,235612,,0,0,0
60,111479,강남구립못골도서관,서울특별시 강남구 자곡로 116,33,94.3,14,14,11,11,8,10,91479,,0,0,0
61,111474,강남구립못골한옥어린이도서관,서울특별시 강남구 자곡로 7길 3,33,94.3,13,14,11,11,9,10,43780,,0,0,0
62,111022,서울특별시교육청노원평생학습관,서울특별시 노원구 동일로204길 13,33,94.3,14,14,11,11,8,10,435272,,0,0,0
63,111051,서대문구립이진아기념도서관,서울특별시 서대문구 독립문공원길 80,33,94.3,14,14,11,11,8,10,269039,,0,0,0
64,111442,성동구립 청계도서관,서울특별시 성동구 마장로 141,33,94.3,14,14,11,11,8,10,156357,,0,0,0
65,111078,강동구립성내도서관,서울특별시 강동구 성안로 106-1,33,94.3,14,14,11,11,8,10,85000,,0,0,0
66,111176,강동구립암사도서관,서울특별시 강동구 고덕로20길 42,33,94.3,14,14,11,11,8,10,95000,,0,0,0
67,111073,강남구립정다운도서관,서울특별시 강남구 학동로67길 11,33,94.3,14,14,10,11,9,10,80808,,0,0,0
68,111303,장안어린이도서관,서울특별시 동대문구 장한로26다길 10,33,94.3,13,14,11,11,9,10,52434,,0,0,0
69,111461,영어특성화도서관,"서울특별시 양천구 목동동로 81, 7층",33,94.3,14,14,11,11,8,10,122735,,0,0,0
70,111003,서울특별시교육청강남도서관,서울특별시 강남구 선릉로116길 45,33,94.3,14,14,11,11,8,10,298623,,0,0,0
71,111068,성동구립 금호도서관,서울특별시 성동구 난계로 20,33,94.3,14,14,11,11,8,10,192255,,0,0,0
72,111516,까망돌도서관,서울특별시 동작구 서달로 129,33,94.3,14,14,11,11,8,10,43948,,0,0,0
73,111482,구립내를건너서숲으로도서관,서울특별시 은평구 증산로17길 50,33,94.3,14,14,11,11,8,10,71537,,0,0,0
74,111062,글빛정보도서관,서울특별시 관악구 관악로30길 23,33,94.3,14,14,11,11,8,10,120783,,0,0,0
75,111042,은평구립도서관,서울특별시 은평구 통일로78가길 13-84,33,94.3,14,14,11,11,8,10,338305,,0,0,0
76,111462,마포푸르메어린이도서관,서울특별시 마포구 월드컵북로 494,33,94.3,14,14,9,11,10,10,22583,,0,0,0
77,111242,목마교육도서관,서울특별시 양천구 목동서로 41,33,94.3,14,14,11,11,8,10,64440,,0,0,0
78,111504,양천중앙도서관,서울특별시 양천구 신정로7길 81,33,94.3,14,14,11,11,8,10,117452,,0,0,0
79,111220,어울림도서관,서울특별시 중구 신당동 52-164,33,94.3,14,14,11,11,8,10,86136,,0,0,0
80,111113,금천구립금나래도서관,서울특별시 금천구 시흥대로73길 70,33,94.3,14,14,11,11,8,10,122211,,0,0,0
81,111097,강서구립푸른들청소년도서관,서울특별시 강서구 강서로45다길 71,33,94.3,14,14,11,11,8,10,92452,,0,0,0
82,111378,강서구립곰달래도서관,서울특별시 강서구 강서로5길 50,33,94.3,14,14,11,11,8,10,89676,,0,0,0
83,111067,강서구립길꽃어린이도서관,서울특별시 강서구 금낭화로24길 5,33,94.3,14,14,9,11,10,10,93341,,0,0,0
84,111116,중곡문화체육센터도서관,서울특별시 광진구 능동로 433,33,94.3,14,14,11,11,8,10,126373,,0,0,0
85,111478,중랑구립양원숲속도서관,서울특별시 중랑구 송림길 172,33,94.3,13,14,10,11,10,10,68894,,0,0,0
86,111034,중랑구립정보도서관,서울특별시 중랑구 신내로15길 197,33,94.3,14,14,11,11,8,10,328160,,0,0,0
87,111077,금천구립가산도서관,서울특별시 금천구 가산로5길 43,33,94.3,14,14,11,11,8,10,157265,,0,0,0
88,111076,성동구립 용답도서관,서울특별시 성동구 용답중앙3길 10,33,94.3,14,14,11,11,8,10,180568,,0,0,0
89,111458,구립구산동도서관마을,서울특별시 은평구 연서로13길 29-23,32,91.4,13,14,11,11,8,10,95921,,0,0,0
90,111487,장위행복누림도서관,서울특별시 성북구 장위로21다길 53,32,91.4,14,14,10,11,8,10,29042,,0,0,0
91,711265,강남구립열린도서관,"서울특별시 강남구 일원로 115, 삼성생명빌딩 B동 203호",32,91.4,14,14,11,11,7,10,69021,,0,0,0
92,111056,강남구립즐거운도서관,"서울특별시 강남구 도곡로77길 23, 4층",32,91.4,14,14,11,11,7,10,36213,,0,0,0
93,111125,강동구립강일도서관,"서울특별시 강동구 아리수로93길 9-14, 5층",32,91.4,14,14,11,11,7,10,95000,,0,0,0
94,111049,거마도서관,서울특별시 송파구 거마로2길 19,32,91.4,13,14,11,11,8,10,78090,,0,0,0
95,111240,개울건강도서관,서울특별시 양천구 중앙로52길 56,32,91.4,14,14,11,11,7,10,51256,,0,0,0
96,111470,강동구립천호도서관,"서울특별시 강동구 성안로 31마길 1, 2층",32,91.4,14,14,11,11,7,10,56000,,0,0,0
97,111160,은천동작은도서관,서울특별시 관악구 봉천로33나길 30,32,91.4,14,14,11,11,7,10,75280,,0,0,0
98,111007,서울특별시교육청고덕평생학습관,서울특별시 강동구 고덕로 295,32,91.4,14,14,11,11,7,10,393953,,0,0,0
99,111548,서울특별시교육청강서도서관가양관,서울특별시 강서구 양천로55길 22,32,91.4,14,14,10,11,8,10,36260,,0,0,0
100,111344,성동구립 성수도서관,서울특별시 성동구 뚝섬로1길 43,32,91.4,14,14,11,11,7,10,63877,,0,0,0
101,111439,사당솔밭도서관,서울특별시 동작구 솔밭로 86,32,91.4,14,14,11,11,7,10,93800,,0,0,0
102,111020,서울특별시교육청정독도서관,서울특별시 종로구 북촌로5길 48,32,91.4,14,14,11,11,7,10,501769,,0,0,0
103,711492,세곡마루도서관,"서울특별시 강남구 헌릉로590길 68, 2층",32,91.4,14,14,11,11,7,10,13656,,0,0,0
104,111472,송파위례도서관,서울특별시 송파구 위례광장로 210,32,91.4,14,14,11,11,7,10,87244,,0,0,0
105,111435,송파글마루도서관,서울특별시 송파구 충민로 120,32,91.4,14,14,11,11,7,10,143899,,0,0,0
106,111502,김영삼도서관,서울특별시 동작구 매봉로 1,32,91.4,14,14,11,11,7,10,67595,,0,0,0
107,111085,월계도서관,서울특별시 노원구 월계로 319,32,91.4,14,14,10,11,8,10,59073,,0,0,0
108,111098,강서구립꿈꾸는어린이도서관,서울특별시 강서구 공항대로 615,32,91.4,14,14,11,11,7,10,98173,,0,0,0
109,111309,강서구립등빛도서관,서울특별시 강서구 강서로62길 48,32,91.4,14,14,11,11,7,10,115617,,0,0,0
110,111118,강서구립우장산숲속도서관,서울특별시 강서구 우현로 34,32,91.4,14,14,11,11,7,10,76196,,0,0,0
111,111084,풍납도서관,서울특별시 송파구 풍성로8길 5,32,91.4,13,14,11,11,8,10,48086,,0,0,0
112,111489,구로기적의도서관,서울특별시 구로구 구로중앙로40길 24,31,88.6,13,14,11,11,7,10,40116,,0,0,0
113,111069,강남구립청담도서관,서울특별시 강남구 압구정로79길 26,31,88.6,13,14,10,11,8,10,65150,,0,0,0
114,111522,휘경행복도서관,서울특별시 동대문구 장안벚꽃로 323,31,88.6,12,14,11,11,8,10,22854,,0,0,0
115,111140,잠원도서관,서울특별시 서초구 나루터로 38,31,88.6,14,14,11,11,6,10,46786,,0,0,0
116,111060,중랑구립면목정보도서관,서울특별시 중랑구 면목로 397,31,88.6,14,14,11,11,6,10,110982,,0,0,0
117,111110,구립증산도서관,서울특별시 은평구 증산로5길 6,31,88.6,13,14,11,11,7,10,71131,,0,0,0
118,111514,마포소금나루도서관,서울특별시 마포구 숭문길 72,31,88.6,14,14,11,11,6,10,50665,,0,0,0
119,711266,대치1동 작은도서관,서울특별시 강남구 남부순환로391길 19,31,88.6,13,14,11,11,7,10,39500,,0,0,0
120,111236,방배도서관,"서울특별시 서초구 방배로 40, 4층",31,88.6,13,14,11,11,7,10,21813,,0,0,0
121,111307,상계도서관,서울특별시 노원구 동일로243길 57,31,88.6,14,14,11,11,6,10,71121,,0,0,0
122,711267,삼성도서관,서울특별시 강남구 봉은사로 616,31,88.6,12,14,11,11,8,10,43388,,0,0,0
123,111039,강남구립대치도서관,"서울특별시 강남구 삼성로 212, 은마아파트 복지상가 2층 215호",31,88.6,13,14,11,11,7,10,91009,,0,0,0
124,111463,갈산도서관,서울특별시 양천구 목동남로4길 48-6,31,88.6,14,14,11,11,6,10,78623,,0,0,0
125,111490,배봉산 숲속도서관,서울특별시 동대문구 전농로16길 97,31,88.6,14,14,11,11,6,10,24380,,0,0,0
126,111006,서울특별시교육청개포도서관,서울특별시 강남구 선릉로4길 30,31,88.6,14,14,11,11,6,10,423254,,0,0,0
127,111114,소나무언덕2호작은도서관,서울특별시 송파구 석촌호수로 155,31,88.6,14,14,11,11,6,10,47054,,0,0,0
128,111173,소나무언덕3호작은도서관,서울특별시 송파구 성내천로 319,31,88.6,14,14,11,11,6,10,39655,,0,0,0
129,111235,글마루한옥어린이도서관,서울특별시 구로구 고척로27바길 7,30,85.7,11,14,11,11,8,10,47365,,0,0,0
130,111484,월계어린이도서관,서울특별시 노원구 월계로42길 9,30,85.7,14,14,10,11,6,10,19881,,0,0,0
131,111481,해맞이역사도서관,서울특별시 양천구 지양로 37,30,85.7,14,14,11,11,5,10,56963,,0,0,0
132,111120,청파도서관,"서울특별시 용산구 청파로93길 27, 1층",30,85.7,14,14,10,11,6,10,54721,,0,0,0
133,111179,남가좌새롬어린이도서관,서울특별시 서대문구 증가로10길 16-15,30,85.7,11,14,10,11,9,10,97530,,0,0,0
134,111500,글빛도서관,서울특별시 성북구 길음로7길 20,30,85.7,14,14,11,11,5,10,31908,,0,0,0
135,111443,대방어린이도서관,서울특별시 동작구 대방동길 55,30,85.7,14,14,8,11,8,10,47648,,0,0,0
136,111550,신길도서관,서울특별시 영등포구 신길로 131,30,85.7,12,14,10,11,8,10,45487,,0,0,0
137,111513,다산성곽도서관,서울특별시 중구 동호로17길 173,30,85.7,13,14,11,11,6,10,22168,,0,0,0
138,111523,아차산숲속도서관,서울특별시 광진구 영화사로 139,30,85.7,14,14,11,11,5,10,12406,,0,0,0
139,111302,달빛마루도서관,서울특별시 성북구 종암로 167,30,85.7,14,14,11,11,5,10,73783,,0,0,0
140,111444,여의샛강도서관,서울특별시 영등포구 여의대로24,30,85.7,13,14,11,11,6,10,30139,,0,0,0
141,111081,신월음악도서관,서울특별시 양천구 오목로5길 34,30,85.7,14,14,11,11,5,10,90685,,0,0,0
142,111457,도봉기적의도서관,서울특별시 도봉구 마들로 797,30,85.7,14,14,10,11,6,10,58442,,0,0,0
143,111086,마포서강도서관,서울특별시 마포구 독막로 165,30,85.7,14,14,10,11,6,10,71451,,0,0,0
144,111301,석관동미리내도서관,서울특별시 성북구 한천로66길 203 ,30,85.7,13,14,11,11,6,10,51640,,0,0,0
145,111503,서초청소년도서관,서울특별시 서초구 효령로77길 37,30,85.7,14,14,7,11,9,10,58729,,0,0,0
146,711427,동대문책마당도서관,서울특별시 동대문구 천호대로 145,30,85.7,14,14,11,11,5,10,21769,,0,0,0
147,111492,성북길빛도서관,서울특별시 성북구 숭인로8길 52,30,85.7,13,14,11,11,6,10,42890,,0,0,0
148,111191,소나무언덕잠실본동도서관,서울특별시 송파구 탄천동로 205,30,85.7,13,14,11,11,6,10,42157,,0,0,0
149,111103,강남구립역삼도서관,서울특별시 강남구 역삼로7길 16,30,85.7,12,14,11,11,7,10,72360,,0,0,0
150,111108,가온도서관,서울특별시 중구 동호로 14길 18,30,85.7,13,14,11,11,6,10,108052,,0,0,0
151,111456,가락몰도서관,서울특별시 송파구 양재대로 932,30,85.7,12,14,11,11,7,10,44296,,0,0,0
152,111127,강남구립역삼푸른솔도서관,서울특별시 강남구 테헤란로8길 36,29,82.9,13,14,11,11,5,10,62191,,0,0,0
153,111063,성현동작은도서관,"서울특별시 관악구 관악로37길 56, 동아아파트 상가B동 5층",29,82.9,14,14,11,11,4,10,56062,,0,0,0
154,111480,미감도서관,서울특별시 양천구 목동중앙남로 57-10,29,82.9,12,14,11,11,6,10,35477,,0,0,0
155,111219,서경로꿈마루도서관,서울특별시 성북구 서경로 94-1,29,82.9,14,14,9,11,6,10,17404,,0,0,0
156,111511,신당누리도서관,서울특별시 중구 다산로33길 3,29,82.9,13,14,11,11,5,10,19688,,0,0,0
157,111247,반포3동 작은도서관,서울특별시 서초구 신반포로23길 78,29,82.9,13,14,11,11,5,10,33004,,0,0,0
158,111189,도봉아이나라도서관,서울특별시 도봉구 노해로69길 151,29,82.9,12,14,10,11,7,10,138114,,0,0,0
159,111107,약수도서관,서울특별시 동작구 양녕로22바길 64,29,82.9,14,14,10,11,5,10,109437,,0,0,0
160,111496,쌍문채움도서관,서울특별시 도봉구 우이천로 340,29,82.9,14,14,10,11,5,10,35494,,0,0,0
161,111188,종암동새날도서관,서울특별시 성북구 종암로 98-8,29,82.9,13,14,10,11,6,10,68569,,0,0,0
162,111100,꿈마을도서관,서울특별시 구로구 디지털로27다길 65,29,82.9,13,14,11,11,5,10,50470,,0,0,0
163,111126,구립상림도서관,서울특별시 은평구 진관4로 48-25,29,82.9,13,14,11,11,5,10,51408,,0,0,0
164,111305,구의제3동도서관,서울특별시 광진구 강변역로 17,29,82.9,13,14,10,11,6,10,26000,,0,0,0
165,711325,다울작은도서관,서울특별시 동작구 사당로20길 132,29,82.9,13,14,11,11,5,10,14171,,0,0,0
166,111524,원당마을한옥도서관,서울특별시 도봉구 해등로32가길 17,29,82.9,12,14,11,11,6,10,17392,,0,0,0
167,111252,홍은도담도서관,서울특별시 서대문구 홍은중앙로 129,29,82.9,14,14,10,11,5,10,78112,,0,0,0
168,711616,초안산숲속 작은도서관,서울특별시 노원구 덕릉로60길 199,29,82.9,12,14,11,11,6,10,15987,,0,0,0
169,111146,방배4동 작은도서관,서울특별시 서초구 방배로 173,28,80.0,12,14,11,11,5,10,20656,,0,0,0
170,711614,노원문화원 작은도서관,서울특별시 노원구 동일로197길 24,28,80.0,13,14,11,11,4,10,23549,,0,0,0
171,111437,청수도서관,서울특별시 성북구 보국문로16가길 20,28,80.0,12,14,11,11,5,10,55756,,0,0,0
172,111216,개봉도서관,서울특별시 구로구 개봉로16길 30-11,28,80.0,12,14,9,11,7,10,40552,,0,0,0
173,111380,정릉도서관,서울특별시 성북구 정릉로 242,28,80.0,12,14,11,11,5,10,35911,,0,0,0
174,111148,동작샘터도서관,서울특별시 동작구 동작대로29길 63-26,28,80.0,12,14,10,11,6,10,36050,,0,0,0
175,111141,방배본동 작은도서관,서울특별시 서초구 동광로19길 38,28,80.0,13,14,10,11,5,10,32363,,0,0,0
176,111009,서울특별시교육청구로도서관,서울특별시 구로구 공원로 15,28,80.0,14,14,11,11,3,10,254054,,0,0,0
177,111192,조원도서관,서울특별시 관악구 조원로12길 25,28,80.0,14,14,11,11,3,10,90881,,0,0,0
178,111136,반포1동 작은도서관,서울특별시 서초구 사평대로 273,27,77.1,14,14,10,11,3,10,27527,,0,0,0
179,111224,서초1동 작은도서관,서울특별시 서초구 사임당로 89,27,77.1,12,14,11,11,4,10,24834,,0,0,0
180,111246,양재1동 작은도서관,서울특별시 서초구 바우뫼로 41,27,77.1,12,14,10,11,5,10,23376,,0,0,0
181,711044,하늘 작은도서관,서울특별시 노원구 노원로17길 56,27,77.1,12,14,11,11,4,10,20456,,0,0,0
182,111215,하늘도서관,서울특별시 구로구 구로동로13길 68,27,77.1,12,14,10,11,5,10,47247,,0,0,0
183,111521,군자동도서관,서울특별시 광진구 면목로 13,27,77.1,11,14,11,11,5,10,20332,,0,0,0
184,111534,제기동감초마을 현진건기념도서관,"서울특별시 동대문구 약령시로9길 45, 4-5층",27,77.1,13,14,7,11,7,10,12979,,0,0,0
185,111132,은평작은도서관,서울특별시 은평구 은평로 195,27,77.1,13,14,11,11,3,10,23744,,0,0,0
186,111115,자양제4동도서관,서울특별시 광진구 뚝섬로26길 58,27,77.1,11,14,11,11,5,10,27149,,0,0,0
187,711269,역삼2동 작은도서관,"서울특별시 강남구 언주로 314, 2층",27,77.1,13,14,10,11,4,10,24591,,0,0,0
188,111163,방배1동 작은도서관,서울특별시 서초구 효령로29길 43,26,74.3,11,14,11,11,4,10,16240,,0,0,0
189,111466,서이도서관,서울특별시 서초구 서초대로70길 51,26,74.3,12,14,11,11,3,10,52941,,0,0,0
190,111010,서울특별시교육청남산도서관,서울특별시 용산구 소월로 109,26,74.3,13,14,11,11,2,10,726766,,0,0,0
191,111249,반포2동 작은도서관,서울특별시 서초구 신반포로 127,26,74.3,13,14,11,11,2,10,7177,,0,0,0
192,111243,반포4동 작은도서관,서울특별시 서초구 사평대로28길 70,26,74.3,12,14,10,11,4,10,21602,,0,0,0
193,711466,별밭 작은도서관,"서울특별시 용산구 대사관로34길 49, 4층",26,74.3,9,14,8,11,9,10,15977,,0,0,0
194,111135,수락 작은도서관,서울특별시 노원구 덕릉로 859,26,74.3,12,14,9,11,5,10,22063,,0,0,0
195,111525,신대방누리도서관,서울특별시 동작구 신대방1다길 19,26,74.3,10,14,9,11,7,10,33715,,0,0,0
196,111244,양재2동 작은도서관,서울특별시 서초구 강남대로12길 44,26,74.3,10,14,10,11,6,10,24211,,0,0,0
197,711617,한내행복발전소 작은도서관,서울특별시 노원구 마들로3길 13,26,74.3,12,14,11,11,3,10,15350,,0,0,0
198,711497,청소년 푸르미르 작은도서관,"서울특별시 용산구 이촌로71길 24, 청소년수련관 5층",26,74.3,12,14,9,11,5,10,9419,,0,0,0
199,111123,해오름도서관,"서울특별시 성북구 성북로4길 52, 주차장 위 지상 2층",26,74.3,13,14,10,11,3,10,65007,,0,0,0
200,741562,향기나무도서관,"서울특별시 노원구 노원로 331, 1층",26,74.3,13,14,9,11,4,10,16941,,0,0,0
201,711650,용마루어린이도서관,서울특별시 용산구 효창원로37길 1,25,71.4,10,14,6,11,9,10,14064,,0,0,0
202,711606,책이랑친구랑 작은도서관,서울특별시 노원구 노원로1길 68,25,71.4,10,14,10,11,5,10,19171,,0,0,0
203,11134706,개포4동 작은도서관,서울특별시 강남구 개포로24길 33,25,71.4,11,14,11,11,3,10,8000,,0,0,0
204,111251,서초4동 작은도서관,서울특별시 서초구 서운로26길 3,25,71.4,11,14,9,11,5,10,19966,,0,0,0
205,711089,휘경1동 새싹마루 작은도서관,서울특별시 동대문구 외대역동로6길 3,25,71.4,9,14,10,11,6,10,8923,,0,0,0
206,111017,서울특별시교육청서울시립어린이도서관,서울특별시 종로구 사직로 9길 7,25,71.4,13,14,2,11,10,10,326635,,0,0,0
207,111117,송파어린이도서관,서울특별시 송파구 올림픽로 105,24,68.6,14,14,6,11,4,10,160595,,0,0,0
208,111142,방배2동 책사랑방,서울특별시 서초구 청두곶길 36,24,68.6,11,14,10,11,3,10,16319,,0,0,0
209,711023,효창동 작은도서관,"서울특별시 용산구 효창원로 161, 3층",24,68.6,11,14,7,11,6,10,16140,,0,0,0
210,111106,성메작은도서관,"서울특별시 마포구 월드컵북로30길 22, 2층",24,68.6,12,14,8,11,4,10,26884,,0,0,0
211,711608,책누리 작은도서관,서울특별시 노원구 중계로 143,24,68.6,11,14,9,11,4,10,19302,,0,0,0
212,111131,파랑새 작은도서관,서울특별시 노원구 상계로 118,24,68.6,8,14,11,11,5,10,17110,,0,0,0
213,111128,온누리도서관,서울특별시 구로구 구로중앙로27나길 9,24,68.6,9,14,9,11,6,10,44142,,0,0,0
214,111311,중랑숲어린이도서관,서울특별시 중랑구 망우로73길 46-1,24,68.6,13,14,3,11,8,10,100107,,0,0,0
215,111448,돌마리도서관,서울특별시 송파구 백제고분로37길 16,24,68.6,10,14,10,11,4,10,35762,,0,0,0
216,111270,도봉2동 공립 작은도서관,서울특별시 도봉구 마들로 668,24,68.6,10,14,10,11,4,10,17231,,0,0,0
217,111071,논현문화마루도서관(분관),서울특별시 강남구 학동로 169,24,68.6,9,14,10,11,5,10,-,,0,0,0
218,111312,고맙습니다 하난곡작은도서관,서울특별시 관악구 난우10가길 20-7,23,65.7,10,14,10,11,3,10,18655,,0,0,0
219,111374,복사골작은도서관,"서울특별시 마포구 도화4길 53, 도화자치회관 3~4층",23,65.7,9,14,10,11,4,10,18994,,0,0,0
220,711316,쌍문1동 공립 작은도서관,서울특별시 도봉구 노해로 147,23,65.7,10,14,9,11,4,10,18589,,0,0,0
221,711615,상계숲속 작은도서관,서울특별시 노원구 동일로227길 106,23,65.7,9,14,9,11,5,10,15512,,0,0,0
222,711250,전농2동 뜨락 작은도서관,서울특별시 동대문구 사가정로 137,23,65.7,9,14,9,11,5,10,16151,,0,0,0
223,111038,강북청소년문화정보도서관,서울특별시 강북구 삼양로54길 68,23,65.7,9,14,6,11,8,10,45440,,0,0,0
224,711607,열린 작은도서관,서울특별시 노원구 공릉로55길 88,23,65.7,10,14,10,11,3,10,15649,,0,0,0
225,711609,책사랑 북카페,서울특별시 노원구 한글비석로 279,23,65.7,9,14,11,11,3,10,20805,,0,0,0
226,111105,늘푸른소나무작은도서관,"서울특별시 마포구 백범로 227, 마포문화원 2층",23,65.7,11,14,8,11,4,10,24699,,0,0,0
227,711410,이문2동 작은도서관,서울특별시 동대문구 신이문로 27-5,23,65.7,9,14,9,11,5,10,4000,,0,0,0
228,111104,꿈을이루는작은도서관,서울특별시 마포구 마포대로7길 18,22,62.9,11,14,7,11,4,10,25254,,0,0,0
229,111409,해다올 작은도서관,"서울특별시 용산구 신흥로 90, B1층",22,62.9,6,14,9,11,7,10,14925,,0,0,0
230,111048,아리랑도서관,서울특별시 성북구 아리랑로 82 ,22,62.9,11,14,11,11,0,10,220051,,0,0,0
231,111383,미아문화정보도서관,서울특별시 강북구 솔매로49길 14,22,62.9,8,14,8,11,6,10,41125,,0,0,0
232,111052,솔샘문화정보도서관,서울특별시 강북구 솔샘로 177,22,62.9,10,14,7,11,5,10,51059,,0,0,0
233,711613,가온 작은도서관,서울특별시 노원구 노원로 530,22,62.9,9,14,9,11,4,10,12966,,0,0,0
234,711612,반디 작은도서관,서울특별시 노원구 동일로227길 97,22,62.9,9,14,11,11,2,10,17075,,0,0,0
235,111250,서초3동 작은도서관,서울특별시 서초구 반포대로 58,22,62.9,9,14,11,11,2,10,26063,,0,0,0
236,111133,중계사랑 작은도서관,서울특별시 노원구 한글비석로 371,22,62.9,7,14,11,11,4,10,21494,,0,0,0
237,711405,서빙고동 작은도서관,"서울특별시 용산구 서빙고로 279, 1층",22,62.9,8,14,8,11,6,10,10175,,0,0,0
238,111175,소나무언덕4호작은도서관,서울특별시 송파구 송이로 34,22,62.9,10,14,8,11,4,10,34490,,0,0,0
239,711140,용강동작은도서관,"서울특별시 마포구 토정로31길 31, 2층",22,62.9,11,14,8,11,3,10,19495,,0,0,0
240,711086,이문1동 꿈꾸는 작은도서관,서울특별시 동대문구 외대역동로 114-1,22,62.9,8,14,9,11,5,10,8396,,0,0,0
241,711076,파랑새작은도서관,서울특별시 서대문구 모래내로 15길 37,22,62.9,11,14,7,11,4,10,16676,,0,0,0
242,711085,답십리2동 민들레 작은도서관,서울특별시 동대문구 한천로11길 18,22,62.9,7,14,10,11,5,10,9129,,0,0,0
243,711352,국사봉숲속작은도서관,서울특별시 동작구 양녕로23길 27,22,62.9,9,14,11,11,2,10,5607,,0,0,0
244,711319,도봉구청 행복작은도서관,서울특별시 도봉구 마들로 656,22,62.9,9,14,8,11,5,10,42479,,0,0,0
245,711603,꿈꾸는 작은도서관,서울특별시 노원구 석계로 59,22,62.9,10,14,10,11,2,10,17967,,0,0,0
246,111180,남산타운 어린이도서관,서울특별시 중구 다산로32,22,62.9,12,14,3,11,7,10,50210,,0,0,0
247,711402,이촌2동 작은도서관,"서울특별시 용산구 이촌로18길 20, 2층",22,62.9,9,14,7,11,6,10,11400,,0,0,0
248,711304,응암1동문화의집문고,서울특별시 은평구 백련산로 179,22,62.9,10,14,8,11,4,10,17317,,0,0,0
249,111072,대조꿈나무어린이도서관,서울특별시 은평구 연서로20길 24-6,22,62.9,12,14,5,11,5,10,34664,,0,0,0
250,711088,휘경2동 꿈빛누리 작은도서관,서울특별시 동대문구 한천로 329,21,60.0,8,14,7,11,6,10,11473,,0,0,0
251,111512,공릉행복도서관,서울특별시 노원구 동일로179길 22,21,60.0,10,14,7,11,4,10,23872,,0,0,0
252,141619,한내지혜의숲도서관,서울특별시 노원구 마들로 86,21,60.0,10,14,9,11,2,10,25953,,0,0,0
253,711311,답십리1동 아름드리 작은도서관,"서울특별시 동대문구 사가정로 30, 답십리1동 주민센터 3층",21,60.0,8,14,8,11,5,10,6915,,0,0,0
254,111021,서울특별시교육청종로도서관,서울특별시 종로구 사직로9길 15-14,21,60.0,10,14,11,11,0,10,-,,0,0,0
255,111279,문화촌작은도서관,서울특별시 서대문구 세검정로4길 32,21,60.0,10,14,8,11,3,10,20176,,0,0,0
256,111414,메아리 작은도서관,서울특별시 노원구 상계동 735-1,21,60.0,8,14,10,11,3,10,17401,,0,0,0
257,111274,쌍문3동 공립 작은도서관,서울특별시 도봉구 노해로44길 9,21,60.0,9,14,9,11,3,10,23342,,0,0,0
258,711251,장안1동 작은도서관,서울특별시 동대문구 장한로26가길 113,21,60.0,6,14,10,11,5,10,7339,,0,0,0
259,111431,가재울지혜마루 작은도서관,서울특별시 노원구 한글비석로 97,21,60.0,9,14,9,11,3,10,20324,,0,0,0
260,711308,갈현1동문화의집,서울특별시 은평구 갈현로 301,21,60.0,10,14,6,11,5,10,10867,,0,0,0
261,711079,전곡마을 작은도서관,서울특별시 동대문구 전농1동 199-56,21,60.0,10,14,8,11,3,10,4913,,0,0,0
262,711075,햇살작은도서관,서울특별시 서대문구 세검정로1길 45,21,60.0,8,14,10,11,3,10,6343,,0,0,0
263,711401,한강로동 작은도서관,"서울특별시 용산구 한강대로38길 28, 3층",21,60.0,10,14,7,11,4,10,15508,,0,0,0
264,111272,창1동 공립 작은도서관,서울특별시 도봉구 해등로 46,21,60.0,8,14,10,11,3,10,18477,,0,0,0
265,111271,방학2동 공립 작은도서관,서울특별시 도봉구 시루봉로 226,21,60.0,9,14,10,11,2,10,17606,,0,0,0
266,711002,이문어린이도서관,서울특별시 동대문구 천장산로9길 68,21,60.0,10,14,7,11,4,10,13358,,0,0,0
267,711318,창5동 공립 작은도서관,서울특별시 도봉구 도봉로136나길 20,21,60.0,8,14,10,11,3,10,23272,,0,0,0
268,111227,압구정동 문고,서울특별시 강남구 압구정로33길 48,21,60.0,11,14,9,11,1,10,14380,,0,0,0
269,711604,달내 작은도서관,서울특별시 노원구 초안산로5길 28,20,57.1,9,14,8,11,3,10,15169,,0,0,0
270,711468,논골작은도서관,서울특별시 서대문구 연희로41가길 33,20,57.1,10,14,6,11,4,10,11556,,0,0,0
271,111547,중화문학도서관,"서울특별시 중랑구 봉화산로 27, 3~4층",20,57.1,8,14,8,11,4,10,22313,,0,0,0
272,711080,장안 가온누리 작은도서관,"서울특별시 동대문구 천호대로 87길 43, 미나리어린이공원 내",20,57.1,10,14,7,11,3,10,4656,,0,0,0
273,111290,새싹작은도서관,서울특별시 서대문구 통일로27길 19,20,57.1,8,14,7,11,5,10,19530,,0,0,0
274,711611,해솔 작은도서관,서울특별시 노원구 한글비석로 434,20,57.1,6,14,10,11,4,10,17247,,0,0,0
275,111174,송중문화정보도서관,서울특별시 강북구 도봉로20나길 6,20,57.1,9,14,7,11,4,10,27352,,0,0,0
276,111258,성산글마루작은도서관,"서울특별시 마포구 월드컵북로 235, 3층",20,57.1,10,14,7,11,3,10,20904,,0,0,0
277,311744,용꿈꾸는작은도서관,서울특별시 관악구 관악로 145,19,54.3,8,14,10,11,1,10,18000,,0,0,0
278,711077,늘푸른열린작은도서관,서울특별시 서대문구 수색로 100-55,19,54.3,8,14,8,11,3,10,12770,,0,0,0
279,111517,손기정 문화도서관,서울특별시 중구 손기정로 101-3,19,54.3,8,14,11,11,0,10,31947,,0,0,0
280,511015,북서울중학교,서울특별시 도봉구 도봉로169가길 33,19,54.3,7,14,9,11,3,10,36712,,0,0,0
281,711618,KB국민은행과 함께하는 나무 작은도서관,서울특별시 노원구 동일로 1405,19,54.3,7,14,7,11,5,10,3983,,0,0,0
282,11134711,신사동 작은도서관,서울특별시 강남구 압구정로 128,19,54.3,9,14,8,11,2,10,7682,,0,0,0
283,111047,노원어린이도서관,서울특별시 노원구 한글비석로 346,19,54.3,12,14,0,11,7,10,118787,,0,0,0
284,711400,원효로제2동 작은도서관,"서울특별시 용산구 효창원로8길 3, 4층",19,54.3,9,14,6,11,4,10,12258,,0,0,0
285,111527,항동푸른도서관,서울특별시 구로구 연동로 290-46,18,51.4,10,14,6,11,2,10,11113,,0,0,0
286,111102,동작영어마루도서관,서울특별시 동작구 장승배기로16길 98,18,51.4,9,14,5,11,4,10,39000,,0,0,0
287,111351,도봉1동 공립 작은도서관,서울특별시 도봉구 도봉로169나길 22,18,51.4,6,14,8,11,4,10,18172,,0,0,0
288,111558,서초구립우면도서관,"서울특별시 서초구 양재대로2길 110, 4~5층",18,51.4,9,14,5,11,4,10,22051,,0,0,0
289,711605,도란도란 작은도서관,서울특별시 노원구 동일로186길 3-24,18,51.4,5,14,8,11,5,10,16531,,0,0,0
290,11134707,일원본동 작은도서관,서울특별시 강남구 광평로 126,17,48.6,9,14,8,11,0,10,16669,,0,0,0
291,111182,수유문화정보도서관,서울특별시 강북구 삼양로 299,17,48.6,9,14,7,11,1,10,38080,,0,0,0
292,711081,동대문구 장안 벚꽃길 작은도서관,서울특별시 동대문구 장안동 481-2,17,48.6,8,14,8,11,1,10,4860,,0,0,0
293,111519,하계어린이도서관,"서울특별시 노원구 공릉로58가길 13, 2층",17,48.6,9,14,0,11,8,10,11299,,0,0,0
294,711403,회나무 작은도서관,"서울특별시 용산구 회나무로13길 58, 1층",17,48.6,7,14,6,11,4,10,11031,,0,0,0
295,111257,해오름작은도서관,"서울특별시 마포구 신촌로26길 10, 2층",17,48.6,9,14,7,11,1,10,17236,,0,0,0
296,111218,낙성대공원도서관,"서울특별시 관악구 낙성대로 77, 낙성대공원 내",17,48.6,7,14,7,11,3,10,12925,,0,0,0
297,711433,장안마루 작은도서관,서울특별시 동대문구 사가정로 23길 64,17,48.6,6,14,7,11,4,10,3823,,0,0,0
298,111464,월곡꿈그림도서관,서울특별시 성북구 화랑로13길 17,17,48.6,8,14,8,11,1,10,29251,,0,0,0
299,311034,노원구청 종합자료실,서울특별시 노원구 노해로 437,17,48.6,7,14,10,11,0,10,21140,,0,0,0
300,111331,창2동 공립 작은도서관,"서울특별시 도봉구 덕릉로59길 73-3, 4층(창2동 주민센터)",17,48.6,7,14,7,11,3,10,10581,,0,0,0
301,111262,방학1동 공립 작은도서관,서울특별시 도봉구 방학로2길 27,16,45.7,5,14,9,11,2,10,16431,,0,0,0
302,111350,창3동 공립 작은도서관,"서울특별시 도봉구 덕릉로 60차길 12, 초안마당 3, 4층",16,45.7,5,14,9,11,2,10,8232,,0,0,0
303,711485,장안꿈마루어린이 작은도서관,"서울특별시 동대문구 한천로28길 5, 시온아트빌 102동 101호",16,45.7,9,14,6,11,1,10,3521,,0,0,0
304,111281,알음알음작은도서관,서울특별시 서대문구 경기대로 40,16,45.7,7,14,6,11,3,10,18661,,0,0,0
305,111299,불광천작은도서관,서울특별시 은평구 불광천길 370,16,45.7,9,14,6,11,1,10,9012,,0,0,0
306,111465,삼각산어린이도서관,서울특별시 강북구 삼양로19길 34,16,45.7,7,14,0,11,9,10,26670,,0,0,0
307,111498,손기정 어린이도서관,서울특별시 중구 손기정로 101-1,15,42.9,6,14,0,11,9,10,23615,,0,0,0
308,111171,아름드리작은도서관,서울특별시 마포구 방울내로7길 11,15,42.9,7,14,6,11,2,10,23633,,0,0,0
309,111530,영등포생각공장도서관,"서울특별시 영등포구 문래북로 105, 1-3층",15,42.9,4,14,8,11,3,10,13576,,0,0,0
310,111536,원지공원도서관,서울특별시 영등포구 도림로47길 23,15,42.9,6,14,4,11,5,10,7889,,0,0,0
311,111364,작은도서관 꿈꾸는책마을,"서울특별시 용산구 장문로 95, 1층",15,42.9,6,14,6,11,3,10,8304,,0,0,0
312,111053,이문체육문화센터 어린이도서관,서울특별시 동대문구 한천로58길 81-49,15,42.9,7,14,3,11,5,10,30548,,0,0,0
313,711074,북아현마을 북카페,서울특별시 서대문구 북아현로 24,15,42.9,5,14,6,11,4,10,10404,,0,0,0
314,711305,효경골마을문고,서울특별시 은평구 연서로27길 31-6,15,42.9,8,14,6,11,1,10,18228,,0,0,0
315,711610,푸른숲 작은도서관,"서울특별시 노원구 동일로 1633, 3층",15,42.9,7,14,6,11,2,10,1724,,0,0,0
316,711398,후암동 작은도서관 북앤캠프,"서울특별시 용산구 후암로 32-6, 2층",14,40.0,6,14,5,11,3,10,11429,,0,0,0
317,111415,한울 작은도서관,서울특별시 노원구 한글비석로 487,14,40.0,5,14,7,11,2,10,20377,,0,0,0
318,711320,지혜의등대 작은도서관,"서울특별시 도봉구 노해로 256, 1층 (창동다우아트리체)",14,40.0,7,14,7,11,0,10,5757,,0,0,0
319,111137,신사어린이도서관,서울특별시 은평구 은평로 38,14,40.0,8,14,5,11,1,10,16889,,0,0,0
320,711090,중화어린이도서관,서울특별시 중랑구 중랑역로3길 28,13,37.1,6,14,0,11,7,10,36004,,0,0,0
321,111278,행복작은도서관,서울특별시 서대문구 모래내로 334,13,37.1,8,14,5,11,0,10,11910,,0,0,0
322,111515,김근태기념도서관,서울특별시 도봉구 도봉산길 14,13,37.1,6,14,3,11,4,10,18027,,0,0,0
323,111273,아이누리작은도서관,서울특별시 서대문구 증가로 13-10,13,37.1,6,14,4,11,3,10,21137,,0,0,0
324,11134704,도곡2동 작은도서관,서울특별시 강남구 남부순환로378길 34-9,13,37.1,6,14,5,11,2,10,12749,,0,0,0
325,111373,강서영어도서관,서울특별시 강서구 곰달래로57가길 26,12,34.3,8,14,4,11,0,10,33941,,0,0,0
326,711073,하늘샘작은도서관,서울특별시 서대문구 독립문로 27,12,34.3,4,14,5,11,3,10,9015,,0,0,0
327,111532,고척열린도서관,"서울특별시 구로구 경인로43길 49, 3~4층",12,34.3,7,14,2,11,3,10,12690,,0,0,0
328,11134717,일원1동 작은도서관,서울특별시 강남구 양재대로55길 14,12,34.3,2,14,8,11,2,10,3177,,0,0,0
329,111348,창4동 공립 작은도서관,서울특별시 도봉구 노해로 390,12,34.3,4,14,6,11,2,10,17737,,0,0,0
330,11134713,수서동 작은도서관,서울특별시 강남구 광평로 301-4,11,31.4,3,14,6,11,2,10,7704,,0,0,0
331,111208,도봉구립무수골도서관,서울특별시 도봉구 도봉로175길 10,11,31.4,7,14,4,11,0,10,27796,,0,0,0
332,711646,신대방햇살도서관,서울특별시 동작구 여의대방로16길 53,10,28.6,4,14,1,11,5,10,2788,,0,0,0
333,711307,역촌누리작은도서관,"서울특별시 은평구 연서로14길 8-8, 2층",10,28.6,7,14,2,11,1,10,15849,,0,0,0
334,111537,광진어린이영어도서관,"서울특별시 광진구 천호대로136길 55, 1층",9,25.7,6,14,3,11,0,10,19798,,0,0,0
335,111468,아리랑어린이도서관,서울특별시 성북구 아리랑로 75,9,25.7,5,14,0,11,4,10,37139,,0,0,0
336,111138,반포본동 작은도서관,서울특별시 서초구 신반포로 10,9,25.7,6,14,2,11,1,10,21042,,0,0,0
337,711596,마포나루메타버스도서관,서울특별시 마포구 마포대로 8,8,22.9,2,14,6,11,0,10,3355,,0,0,0
338,711317,쌍문4동 공립 작은도서관,서울특별시 도봉구 시루봉로 62-7,8,22.9,6,14,2,11,0,10,16837,,0,0,0
339,111282,쌍문2동 공립 작은도서관,서울특별시 도봉구 방학로3길 117,7,20.0,3,14,4,11,0,10,21567,,0,0,0
340,111477,서초그림책도서관,서울특별시 서초구 명달로 150,6,17.1,6,14,0,11,0,10,22521,,0,0,0
341,111357,방학3동 공립 작은도서관,서울특별시 도봉구 해등로32길 80,6,17.1,4,14,2,11,0,10,29092,,0,0,0
342,111280,꿈이있는작은도서관,서울특별시 서대문구 통일로34길 27,6,17.1,3,14,2,11,1,10,10195,,0,0,0
343,111304,용두어린이영어도서관,서울특별시 동대문구 무학로 133,5,14.3,3,14,2,11,0,10,41408,,0,0,0
344,711397,용암어린이영어도서관,"서울특별시 용산구 신흥로3가길 21-7, 2층",5,14.3,5,14,0,11,0,10,16056,,0,0,0
345,711539,장충동 작은도서관,서울특별시 중구 동호로25길 33,4,11.4,3,14,0,11,1,10,3386,,0,0,0
346,111539,구로미래도서관,서울특별시 구로구 새말로 111,4,11.4,2,14,2,11,0,10,3724,,0,0,0
347,111454,둘리도서관,서울특별시 도봉구 시루봉로1길 6,3,8.6,1,14,1,11,1,10,12657,,0,0,0
348,711152,녹번만화도서관,서울특별시 은평구 은평로 245,3,8.6,0,14,0,11,3,10,5345,,0,0,0
349,711324,창동육아종합지원센터,서울특별시 도봉구 우이천로4길 24-5,3,8.6,2,14,1,11,0,10,6176,,0,0,0
350,111259,송파어린이영어도서관,서울특별시 송파구 오금로 1,3,8.6,1,14,1,11,1,10,51300,,0,0,0
351,111306,신도림어린이영어작은도서관,"서울특별시 구로구 신도림로 40, 신도림동주민센터 2층",2,5.7,1,14,1,11,0,10,16013,,0,0,0
352,111518,강남구립일원라온영어도서관,"서울특별시 강남구 영동대로 22, 지하 1층",1,2.9,1,14,0,11,0,10,30913,,0,0,0
